{
    "lastUpdate": "2020-12-06T20:16:01.746Z",
    "entries": [
        {
            "id": "0345EE7D-1B4E-4E62-BF87-39B5A9D7596F",
            "name": "POLIS Home",
            "domain": "https://polis.observer",
            "providerDescription": "This is the root POLIS provider. The site is still in experimental mode and not publicly available",
            "lastUpdate": "2020-12-06T20:16:01.746Z",
            "supportedProtocolLevels": [
                1
            ],
            "supportedAPIVersions": [
                "0.1"
            ],
            "supportedAPIVersions": [
                "json"
            ],
            "providerType": "experimental"
        },
        {
            "id": "ED8277C8-E8CE-4990-B0EC-C0C66898E730",
            "domain": "https://sandbox.polis.observer",
            "name": "POLIS Sandbox",
            "providerDescription": "This is the POLIS site for testing new ideas and experiments",
            "lastUpdate": "2020-12-06T20:16:01.746Z",
            "supportedProtocolLevels": [
                1,
                2
            ],
            "supportedAPIVersions": [
                "0.2",
                "*"
            ],
            "supportedAPIVersions": [
                "json",
                "xml"
            ],
            "providerType": "experimental"
        }
    ]
}