{"domain":"https:\/\/polis.observer","supported_formats":["json"],"contact":{"email":"polis-support@tuparev.com","additional_communication_channels":[],"notes":"This is the POLIS Administrator's account. Please email your questions and suggestion to this account.","name":"POLIS Observer Admin"},"supported_protocol_levels":[1],"provider_type":{"provider_type":"public"},"supported_api_versions":["0.1.0"],"attributes":{"status":"active","id":"D758032F-884E-41C0-88B4-BFAC12BD68FA","name":"POLIS Observer","lastUpdate":"2021-06-25T19:53:55Z","shortDescription":"This is the first POLIS provider"}}